Name,Url
,
When to Worry About a Mole,https://www.scientificamerican.com/article/when-to-worry-about-a-mole/
,
Tats Off: Targeting the Immune System May Lead to Better Tattoo Removal,https://www.scientificamerican.com/article/tats-off-targeting-the-immune-system-may-lead-to-better-tattoo-removal/
,
Why Do Antidepressants Cause Weight Gain?,https://www.scientificamerican.com/article/why-do-antidepressants-cause-weight-gain/
,
Young-Blood Transfusions Are on the Menu at Society Gala,https://www.scientificamerican.com/article/young-blood-transfusions-are-on-the-menu-at-society-gala/
,
"So, You Want Your Toddler to Grow Up to Win a Gold Medal",https://www.scientificamerican.com/article/so-you-want-your-toddler-to-grow-up-to-win-a-gold-medal/
,
Matching DNA to a Diet Does Not Work,https://www.scientificamerican.com/article/matching-dna-to-a-diet-does-not-work/
,
Can Pesticides Affect Pregnancy?,https://www.scientificamerican.com/article/can-pesticides-affect-pregnancy/
,
How Fast Can a Marathon Be Run?,https://www.scientificamerican.com/article/how-fast-can-a-marathon-be-run/
,
"Bacterial ""Tape Recorder"" Could Keep Tabs on Bodily Functions",https://www.scientificamerican.com/article/bacterial-tape-recorder-could-keep-tabs-on-bodily-functions1/
,
When to Worry about a Bruise,https://www.scientificamerican.com/article/when-to-worry-about-a-bruise/
,
Olympic Clothing Designers Try to Beat the Cold with Technology,https://www.scientificamerican.com/article/olympic-clothing-designers-try-to-beat-the-cold-with-technology/
,
Can Pregnancy Help Scientists Better Understand Cancer?,https://www.scientificamerican.com/article/can-pregnancy-help-scientists-better-understand-cancer/
,
Can You Get the Flu Twice in 1 Season?,https://www.scientificamerican.com/article/can-you-get-the-flu-twice-in-1-season/
,
"Is ""Junk DNA"" What Makes Humans Unique?",https://www.scientificamerican.com/article/is-junk-dna-what-makes-humans-unique/
,
"A Private Place Where HIV, Zika and Ebola Hide",https://www.scientificamerican.com/article/a-private-place-where-hiv-zika-and-ebola-hide/
,
Could Artificial Wombs Be a Reality?,https://www.scientificamerican.com/article/could-artificial-wombs-be-a-reality/
,
When to Worry about Your Blood Pressure,https://www.scientificamerican.com/article/when-to-worry-about-your-blood-pressure/
,
Why Our Own Immune Systems Attack Our Best Drugs--and How to Stop It,https://www.scientificamerican.com/article/why-our-own-immune-systems-attack-our-best-drugs-and-how-to-stop-it/
,
Stop Searching for the Perfect Sweetener,https://www.scientificamerican.com/article/stop-searching-for-the-perfect-sweetener/
,
The Messy Facts about Diet and Inflammation,https://www.scientificamerican.com/article/the-messy-facts-about-diet-and-inflammation/
Url,Name
https://www.scientificamerican.com/article/when-to-worry-about-a-mole/,When to Worry About a Mole
https://www.scientificamerican.com/article/tats-off-targeting-the-immune-system-may-lead-to-better-tattoo-removal/,Tats Off: Targeting the Immune System May Lead to Better Tattoo Removal
https://www.scientificamerican.com/article/why-do-antidepressants-cause-weight-gain/,Why Do Antidepressants Cause Weight Gain?
https://www.scientificamerican.com/article/young-blood-transfusions-are-on-the-menu-at-society-gala/,Young-Blood Transfusions Are on the Menu at Society Gala
https://www.scientificamerican.com/article/so-you-want-your-toddler-to-grow-up-to-win-a-gold-medal/,"So, You Want Your Toddler to Grow Up to Win a Gold Medal"
https://www.scientificamerican.com/article/matching-dna-to-a-diet-does-not-work/,Matching DNA to a Diet Does Not Work
https://www.scientificamerican.com/article/can-pesticides-affect-pregnancy/,Can Pesticides Affect Pregnancy?
https://www.scientificamerican.com/article/how-fast-can-a-marathon-be-run/,How Fast Can a Marathon Be Run?
https://www.scientificamerican.com/article/bacterial-tape-recorder-could-keep-tabs-on-bodily-functions1/,"Bacterial ""Tape Recorder"" Could Keep Tabs on Bodily Functions"
https://www.scientificamerican.com/article/when-to-worry-about-a-bruise/,When to Worry about a Bruise
https://www.scientificamerican.com/article/olympic-clothing-designers-try-to-beat-the-cold-with-technology/,Olympic Clothing Designers Try to Beat the Cold with Technology
https://www.scientificamerican.com/article/can-pregnancy-help-scientists-better-understand-cancer/,Can Pregnancy Help Scientists Better Understand Cancer?
https://www.scientificamerican.com/article/can-you-get-the-flu-twice-in-1-season/,Can You Get the Flu Twice in 1 Season?
https://www.scientificamerican.com/article/is-junk-dna-what-makes-humans-unique/,"Is ""Junk DNA"" What Makes Humans Unique?"
https://www.scientificamerican.com/article/a-private-place-where-hiv-zika-and-ebola-hide/,"A Private Place Where HIV, Zika and Ebola Hide"
https://www.scientificamerican.com/article/could-artificial-wombs-be-a-reality/,Could Artificial Wombs Be a Reality?
https://www.scientificamerican.com/article/when-to-worry-about-your-blood-pressure/,When to Worry about Your Blood Pressure
https://www.scientificamerican.com/article/why-our-own-immune-systems-attack-our-best-drugs-and-how-to-stop-it/,Why Our Own Immune Systems Attack Our Best Drugs--and How to Stop It
https://www.scientificamerican.com/article/stop-searching-for-the-perfect-sweetener/,Stop Searching for the Perfect Sweetener
https://www.scientificamerican.com/article/the-messy-facts-about-diet-and-inflammation/,The Messy Facts about Diet and Inflammation
https://www.scientificamerican.com/article/when-to-worry-about-eye-twitching1/,When to Worry about Eye Twitching
https://www.scientificamerican.com/podcast/episode/pain-and-weather-fail-to-connect/,Pain and Weather Fail to Connect
https://www.scientificamerican.com/custom-media/scjohnson-transparent-by-design/skin-allergy-myths-debunked/,Skin Allergy Myths Debunked
https://www.scientificamerican.com/article/how-does-the-flu-actually-kill-people/,How Does the Flu Actually Kill People?
https://www.scientificamerican.com/article/ohio-passes-law-barring-abortion-over-down-syndrome-diagnosis/,Ohio Passes Law Barring Abortion over Down Syndrome Diagnosis
https://www.scientificamerican.com/article/how-bacteria-may-help-regulate-blood-pressure/,How Bacteria May Help Regulate Blood Pressure
https://www.scientificamerican.com/podcast/episode/the-skinny-on-fat/,The Skinny on Fat
https://www.scientificamerican.com/podcast/episode/ancient-women-had-awesome-arms/,Ancient Women Had Awesome Arms
https://www.scientificamerican.com/article/how-salty-foods-affect-hunger-and-weight-loss/,How Salty Foods Affect Hunger and Weight Loss
https://www.scientificamerican.com/article/why-click-speech-is-rare/,Why Click Speech Is Rare
https://www.scientificamerican.com/article/strict-targets-for-cholesterol-blood-pressure-and-more-dont-always-make-sense/,"Strict Targets for Cholesterol, Blood Pressure, and More Don't Always Make Sense"
https://www.scientificamerican.com/article/when-to-worry-about-a-sore-throat/,When to Worry about a Sore Throat
https://www.scientificamerican.com/article/what-is-mycoprotein/,What Is Mycoprotein?
https://www.scientificamerican.com/article/bacteria-gang-together-in-killer-biofilms-but-scientists-can-disrupt-gang-communications/,"Bacteria Gang Together in Killer Biofilms, but Scientists Can Disrupt Gang Communications"
https://www.scientificamerican.com/podcast/episode/come-on-and-zoom-through-the-universe/,Come On and Zoom (through the Universe)
https://www.scientificamerican.com/article/alcohol-consumption-increases-risk-of-breast-and-other-cancers-doctors-say/,"Alcohol Consumption Increases Risk of Breast and Other Cancers, Doctors Say"
https://www.scientificamerican.com/article/scientists-solve-a-dengue-mystery-why-second-infection-is-worse-than-first/,Scientists Solve a Dengue Mystery: Why Second Infection Is Worse Than First
https://www.scientificamerican.com/article/gut-microbes-can-shape-responses-to-cancer-immunotherapy/,Gut Microbes Can Shape Responses to Cancer Immunotherapy
https://www.scientificamerican.com/article/how-to-build-more-muscle-with-less-protein/,How to Build More Muscle with Less Protein
https://www.scientificamerican.com/article/why-heart-surgery-may-be-better-in-the-afternoon/,Why Heart Surgery May be Better in the Afternoon
https://www.scientificamerican.com/article/10-top-causes-of-hair-loss/,10 Top Causes of Hair Loss
https://www.scientificamerican.com/podcast/episode/monsters-not-just-for-halloween/,Monsters: Not Just for Halloween
https://www.scientificamerican.com/article/forget-pills-and-surgery-for-back-pain/,Forget Pills and Surgery for Back Pain
https://www.scientificamerican.com/podcast/episode/even-jellyfish-need-a-nap/,Even Jellyfish Need a Nap
https://www.scientificamerican.com/article/5-things-we-bet-you-didnt-know-about-the-placenta/,5 Things We Bet You Didn't Know about the Placenta
https://www.scientificamerican.com/article/can-a-gluten-free-diet-help-with-thyroid-disease/,Can a Gluten Free Diet Help with Thyroid Disease?
https://www.scientificamerican.com/article/the-tick-tock-of-the-biological-clo/,The Tick-Tock of the Biological Clock
https://www.scientificamerican.com/podcast/episode/nobel-prize-explainer-circadian-rhythms-oscillatory-control-mechanism/,Nobel Prize Explainer: Circadian Rhythm's Oscillatory Control Mechanism
https://www.scientificamerican.com/article/medicine-nobel-prize-goes-to-circadian-rhythm-researchers1/,Medicine Nobel Prize Goes to Circadian Rhythm Researchers
https://www.scientificamerican.com/podcast/episode/nobel-in-physiology-or-medicine-for-our-inner-clocks/,Nobel in Physiology or Medicine for Our Inner Clocks
https://www.scientificamerican.com/podcast/episode/does-evolution-repeat-itself/,Does Evolution Repeat Itself?
https://www.scientificamerican.com/article/a-new-push-for-the-male-pill/,"A New Push for the Male ""Pill"""
https://www.scientificamerican.com/article/what-can-you-do-for-a-fatty-liver/,What Can You Do for a Fatty Liver?
https://www.scientificamerican.com/article/blind-cave-fish-beat-back-diabetes-symptoms-that-would-kill-people/,Blind Cave Fish Beat Back Diabetes Symptoms That Would Kill People
https://www.scientificamerican.com/article/dermatologists-find-that-memorable-movie-villains-are-distinguished-by-facial-skin-conditions/,Dermatologists Find That Memorable Movie Villains Are Distinguished by Facial Skin Conditions
https://www.scientificamerican.com/article/this-gift-voucher-might-just-get-you-a-kidney/,This Gift Voucher Might Just Get You a Kidney
https://www.scientificamerican.com/article/new-wireless-pacemaker-could-prevent-common-complications/,New Wireless Pacemaker Could Prevent Common Complications
https://www.scientificamerican.com/article/catholic-hospitals-are-multiplying-boosting-their-impact-on-reproductive-health-care/,"Catholic Hospitals are Multiplying, Boosting Their Impact on Reproductive Health Care"
https://www.scientificamerican.com/article/lessons-from-before-abortion-was-legal/,Lessons from before Abortion Was Legal
https://www.scientificamerican.com/article/women-and-men-die-of-different-causes-in-middle-age/,Women and Men Die of Different Causes in Middle Age
https://www.scientificamerican.com/article/france-eyes-legalizing-assisted-reproduction-for-gay-women-in-20181/,France Eyes Legalizing Assisted Reproduction for Gay Women in 2018
https://www.scientificamerican.com/article/it-rsquo-s-time-to-end-the-war-on-women-rsquo-s-health/,It's Time to End the War on Women's Health
https://www.scientificamerican.com/article/gut-germs-appear-to-play-role-in-multiple-sclerosis/,Gut Germs Appear to Play Role in Multiple Sclerosis
https://www.scientificamerican.com/article/symptoms-of-brain-cancer-what-is-glioblastoma-multiforme/,Symptoms of Brain Cancer: What Is Glioblastoma Multiforme?
https://www.scientificamerican.com/article/does-losing-weight-release-toxins/,Does Losing Weight Release Toxins?
https://www.scientificamerican.com/article/dissolve-the-dead-controversy-swirls-around-liquid-cremation/,Dissolve the Dead? Controversy Swirls around Liquid Cremation
https://www.scientificamerican.com/article/do-prostate-cancer-screenings-significantly-reduce-deaths/,Do Prostate Cancer Screenings Significantly Reduce Deaths?
https://www.scientificamerican.com/video/what-is-a-skin-allergy/,What Is a Skin Allergy?
https://www.scientificamerican.com/article/how-conor-mcgregors-weight-loss-ahead-of-his-big-fight-may-harm-his-body/,How Conor McGregor's Weight Loss Ahead of His Big Fight May Harm His Body
https://www.scientificamerican.com/article/when-to-worry-about-ringing-in-your-ears/,When to Worry about Ringing in Your Ears
https://www.scientificamerican.com/article/sophisticated-digital-aids-could-help-determine-what-ails-you/,Sophisticated Digital Aids Could Help Determine What Ails You
https://www.scientificamerican.com/article/why-does-being-in-the-heat-make-us-feel-tired/,Why Does Being in the Heat Make Us Feel Tired?
https://www.scientificamerican.com/article/is-your-metabolism-to-blame/,Is Your Metabolism to Blame?
https://www.scientificamerican.com/article/norovirus-strikes-athletes-at-world-athletics-championships-in-the-u-k/,Norovirus Strikes Athletes at World Athletics Championships in the U.K.
https://www.scientificamerican.com/article/dna-sunscreen-gets-better-not-weaker-over-time/,"DNA Sunscreen Gets Better, Not Weaker, Over Time"
https://www.scientificamerican.com/article/the-disease-proofing-myth/,The Disease-Proofing Myth
https://www.scientificamerican.com/article/sperm-count-dropping-in-western-world/,Sperm Count Dropping in Western World
https://www.scientificamerican.com/article/what-do-we-know-about-the-brain-cancer-plaguing-sen-john-mccain/,What Do We Know about the Brain Cancer Plaguing Sen. John McCain?
https://www.scientificamerican.com/article/why-the-most-powerful-treatment-for-diabetes-turns-out-to-be-surgery/,Why the Most Powerful Treatment for Diabetes Turns Out to Be Surgery
https://www.scientificamerican.com/article/5-things-to-know-about-the-experimental-therapy-for-charlie-gard/,5 Things to Know about the Experimental Therapy for Charlie Gard
https://www.scientificamerican.com/article/do-probiotics-really-work/,Do Probiotics Really Work?
https://www.scientificamerican.com/podcast/episode/bacteria-might-share-the-blame-for-eczema/,Bacteria Might Share the Blame for Eczema
https://www.scientificamerican.com/article/are-you-a-magnet-for-mosquitoes/,Are You a Magnet for Mosquitoes?
https://www.scientificamerican.com/article/freeze-dried-placenta-pills-linked-to-newborn-rsquo-s-dangerous-bacterial-infection/,Freeze-Dried Placenta Pills Linked to Newborn's Dangerous Bacterial Infection
https://www.scientificamerican.com/article/fetal-immune-system-active-by-second-trimester/,Fetal Immune System Active by Second Trimester
https://www.scientificamerican.com/video/why-do-allergies-make-you-sneeze/,Why Do Allergies Make You Sneeze?
https://www.scientificamerican.com/article/wanted-more-data-the-dirtier-the-better/,"Wanted: More Data, the Dirtier the Better"
https://www.scientificamerican.com/article/is-protein-powder-safe-during-pregnancy/,Is Protein Powder Safe During Pregnancy?
https://www.scientificamerican.com/article/pros-and-cons-of-the-whole30-challenge/,Pros and Cons of the Whole30 Challenge
https://www.scientificamerican.com/podcast/episode/the-gestation-equation-testing-babies-genes/,The Gestation Equation: Testing Babies' Genes
https://www.scientificamerican.com/article/electric-brain-stimulation-offers-binge-eating-clue/,Electric Brain Stimulation Offers Binge-Eating Clue
https://www.scientificamerican.com/article/how-do-the-chemicals-in-sunscreen-protect-our-skin-from-damage/,How Do the Chemicals in Sunscreen Protect Our Skin from Damage?
https://www.scientificamerican.com/article/want-to-lose-weight-what-you-need-to-know-about-eating-and-exercise/,Want to Lose Weight? What You Need to Know about Eating and Exercise
https://www.scientificamerican.com/article/drop-in-cases-of-zika-threatens-large-scale-trials1/,Drop in Cases of Zika Threatens Large-Scale Trials
https://www.scientificamerican.com/podcast/episode/fitness-bands-fail-on-calorie-counts/,Fitness Bands Fail on Calorie Counts
https://www.scientificamerican.com/article/chocolate-linked-to-decreased-risk-of-irregular-heart-rhythm/,Chocolate Linked to Decreased Risk of Irregular Heart Rhythm
https://www.scientificamerican.com/article/fda-clears-first-cancer-drug-based-on-genetics-of-disease-not-tumor-location/,"FDA Clears First Cancer Drug Based on Genetics of Disease, Not Tumor Location"
https://www.scientificamerican.com/article/menstrual-cycle-ldquo-on-a-chip-rdquo-offers-a-new-window-into-female-physiology/,"Menstrual Cycle ""on a Chip"" Offers a New Window into Female Physiology"
https://www.scientificamerican.com/article/a-radical-approach-against-superbugs-learn-to-live-with-them/,A Radical Approach against Superbugs: Learn to Live with Them
https://www.scientificamerican.com/article/causes-and-treatment-of-lower-back-pain/,Causes and Treatment of Lower Back Pain
https://www.scientificamerican.com/article/century-old-tumors-offer-rare-cancer-clues/,Century-Old Tumors Offer Rare Cancer Clues
https://www.scientificamerican.com/article/a-shot-against-post-traumatic-stress-disorder/,A Shot against Post-Traumatic Stress Disorder
https://www.scientificamerican.com/article/the-physics-of-poop/,The Physics of Poop
https://www.scientificamerican.com/podcast/episode/hot-chilies-cool-down-gut-inflammation-in-mice/,Hot Chilies Cool Down Gut Inflammation in Mice
https://www.scientificamerican.com/article/crave-sugar-maybe-its-in-your-genes/,Crave Sugar? Maybe It's in Your Genes
https://www.scientificamerican.com/article/parents-tinker-with-kids-diet-to-treat-adhd/,Parents Tinker with Kids' Diet to Treat ADHD
https://www.scientificamerican.com/article/is-eating-late-bad-for-your-heart/,Is Eating Late Bad for Your Heart?
https://www.scientificamerican.com/podcast/episode/gut-microbes-help-keep-starved-flies-fecund/,Gut Microbes Help Keep Starved Flies Fecund
https://www.scientificamerican.com/article/when-to-worry-about-lower-back-pain/,When to Worry about Lower Back Pain
https://www.scientificamerican.com/article/aspirin-may-prevent-cancer-from-spreading-new-research-shows/,"Aspirin May Prevent Cancer from Spreading, New Research Shows"
https://www.scientificamerican.com/article/can-anything-stop-my-migraine/,Can Anything Stop My Migraine?
https://www.scientificamerican.com/article/records-found-in-dusty-basement-undermine-decades-of-dietary-advice/,Records Found in Dusty Basement Undermine Decades of Dietary Advice
https://www.scientificamerican.com/article/japanese-automakers-look-to-robots-to-aid-the-elderly/,Japanese Automakers Look to Robots to Aid the Elderly
https://www.scientificamerican.com/podcast/episode/world-parkinsons-day-puts-spotlight-on-condition/,World Parkinson's Day Puts Spotlight on Condition
https://www.scientificamerican.com/article/should-you-get-screened-for-prostate-cancer/,Should You Get Screened for Prostate Cancer?
https://www.scientificamerican.com/article/too-much-information-fda-clears-23andme-to-sell-home-genetic-tests-for-alzheimer-rsquo-s-and-parkinson-rsquo-s/,Too Much Information? FDA Clears 23AndMe to Sell Home Genetic Tests for Alzheimer's and Parkinson's
https://www.scientificamerican.com/article/seeking-pig-organs-for-human-transplants/,Seeking Pig Organs for Human Transplants
https://www.scientificamerican.com/article/zika-appears-to-cause-birth-defects-in-1-in-10-pregnancies1/,Zika Appears to Cause Birth Defects in 1 in 10 Pregnancies
https://www.scientificamerican.com/article/cancer-researchers-worry-about-potential-downsides-of-immunotherapy/,Cancer Researchers Worry about Potential Downsides of Immunotherapy
https://www.scientificamerican.com/article/the-warmth-of-friendship-the-chill-of-betrayal/,"The Warmth of Friendship, the Chill of Betrayal"
https://www.scientificamerican.com/article/first-drug-for-aggressive-ms-nets-fda-approval/,First Drug for Aggressive MS Nets FDA Approval
https://www.scientificamerican.com/article/should-you-take-melatonin-for-insomnia/,Should You Take Melatonin for Insomnia?
https://www.scientificamerican.com/article/menstrual-cycle-on-a-chip-offers-a-new-window-into-female-physiology/,"""Menstrual Cycle on a Chip"" Offers a New Window into Female Physiology"
https://www.scientificamerican.com/article/can-these-2-nutrients-help-you-keep-the-weight-off/,Can These 2 Nutrients Help You Keep the Weight Off?
https://www.scientificamerican.com/podcast/episode/pulling-the-string-on-yo-yo-weight-gain/,Pulling the String on Yo-Yo Weight Gain
https://www.scientificamerican.com/article/new-cholesterol-drug-lowers-risk-of-heart-attack-and-stroke/,New Cholesterol Drug Lowers Risk of Heart Attack and Stroke
https://www.scientificamerican.com/podcast/episode/early-life-microbes-ward-off-asthma/,Early-Life Microbes Ward Off Asthma
https://www.scientificamerican.com/article/house-republicans-would-let-employers-demand-workers-rsquo-genetic-test-results/,House Republicans Would Let Employers Demand Workers' Genetic Test Results
https://www.scientificamerican.com/article/what-apple-cider-vinegar-can-and-cant-do-for-you/,What Apple Cider Vinegar Can (and Can't) Do For You
https://www.scientificamerican.com/article/new-advance-may-help-organs-survive-deep-freeze/,New Advance May Help Organs Survive Deep Freeze
https://www.scientificamerican.com/article/when-breathing-goes-awry/,When Breathing Goes Awry
https://www.scientificamerican.com/podcast/episode/blood-cells-remember-your-mountain-vacation/,Blood Cells Remember Your Mountain Vacation
https://www.scientificamerican.com/article/a-new-model-for-defeating-cancer-car-t-cells/,A New Model for Defeating Cancer: CAR T Cells
https://www.scientificamerican.com/podcast/episode/vision-needed-to-curb-nearsightedness-epidemic/,Vision Needed to Curb Nearsightedness Epidemic
https://www.scientificamerican.com/article/the-race-to-map-the-human-body-1-cell-at-a-time/,The Race to Map the Human Body--1 Cell at a Time
https://www.scientificamerican.com/article/the-hunger-gains-extreme-calorie-restriction-diet-shows-anti-aging-results/,The Hunger Gains: Extreme Calorie-Restriction Diet Shows Anti-Aging Results
https://www.scientificamerican.com/article/is-low-fat-or-low-carb-better-for-weight-loss/,Is Low Fat or Low Carb Better for Weight Loss?
https://www.scientificamerican.com/podcast/episode/super-bowl-snacks-need-these-exercise-equivalents/,Super Bowl Snacks Need These Exercise Equivalents
https://www.scientificamerican.com/article/studies-link-some-stomach-drugs-to-possible-alzheimer-rsquo-s-disease-and-kidney-problems/,Studies Link Some Stomach Drugs to Possible Alzheimer's Disease and Kidney Problems
https://www.scientificamerican.com/article/can-spices-help-you-lose-weight/,Can Spices Help You Lose Weight?
https://www.scientificamerican.com/article/the-shape-shifting-army-inside-your-cells/,The Shape-Shifting Army inside Your Cells
https://www.scientificamerican.com/podcast/episode/umbrellas-plus-sunscreen-best-bet-to-beat-burns/,Umbrellas Plus Sunscreen Best Bet to Beat Burns
https://www.scientificamerican.com/article/from-workouts-and-weight-loss-to-the-perils-of-traveling-far-out-in-space/,From Workouts and Weight Loss to the Perils of Traveling Far out in Space
https://www.scientificamerican.com/article/what-to-do-with-your-amputated-leg/,What to Do with Your Amputated Leg
https://www.scientificamerican.com/article/fitness-bracelets-may-warn-of-serious-illness/,Fitness Bracelets May Warn of Serious Illness
https://www.scientificamerican.com/podcast/episode/hair-cells-could-heal-skin-sans-scars/,Hair Cells Could Heal Skin Sans Scars
https://www.scientificamerican.com/article/birth-control-and-depression-what-you-need-to-know/,Birth Control and Depression: What You Need to Know
https://www.scientificamerican.com/podcast/episode/when-dining-for-trillions-eat-wisely/,"When Dining for Trillions, Eat Wisely"
https://www.scientificamerican.com/article/why-heart-related-deaths-spike-around-holidays/,Why Heart-Related Deaths Spike around Holidays
https://www.scientificamerican.com/article/could-gene-therapy-cure-heart-disease/,Could Gene Therapy Cure Heart Disease?
https://www.scientificamerican.com/article/a-vaccine-for-cancer/,A Vaccine for Cancer?
https://www.scientificamerican.com/podcast/episode/pregnancy-primes-the-brain-for-motherhood/,Pregnancy Primes the Brain for Motherhood
https://www.scientificamerican.com/article/what-does-a-human-taste-like/,What Does a Human Taste Like?
https://www.scientificamerican.com/article/aging-is-reversible-at-least-in-human-cells-and-live-mice/,Aging Is Reversible--at Least in Human Cells and Live Mice
https://www.scientificamerican.com/article/the-anesthesia-dilemma/,The Anesthesia Dilemma
https://www.scientificamerican.com/article/chemists-discover-why-the-nose-is-hypersensitive-to-sulfur-odors/,Chemists Discover Why the Nose Is Hypersensitive to Sulfur Odors
https://www.scientificamerican.com/article/a-rare-genetic-mutation-might-inspire-the-first-drug-that-fights-all-viruses/,A Rare Genetic Mutation Might Inspire the First Drug That Fights All Viruses
https://www.scientificamerican.com/article/ingestible-robots-perform-surgery-from-inside-the-body/,Ingestible Robots Perform Surgery from Inside the Body
https://www.scientificamerican.com/article/drugs-make-cellular-changes-that-could-significantly-extend-healthy-human-life-spans-is-100-the-new-80/,Drugs Make Cellular Changes That Could Significantly Extend Healthy Human Life Spans. Is 100 the New 80? 
https://www.scientificamerican.com/article/whats-pushing-down-u-s-life-expectancy/,What's Pushing Down U.S. Life Expectancy?
https://www.scientificamerican.com/article/interactive-body-map-physical-inactivity-and-the-risks-to-your-health/,Interactive Body Map: Physical Inactivity and the Risks to Your Health
https://www.scientificamerican.com/article/biology-101-update-a-cell-rsquo-s-lysosomes-are-more-than-garbage-disposals/,Biology 101 Update: A Cell’s Lysosomes Are More Than Garbage Disposals
https://www.scientificamerican.com/article/can-a-rosy-outlook-ward-off-illness/,Can a Rosy Outlook Ward Off Illness?
https://www.scientificamerican.com/article/fat-fuels-cancers-spread-in-mice1/,Fat Fuels Cancer's Spread in Mice
https://www.scientificamerican.com/article/a-virus-fished-out-of-a-lake-may-have-saved-a-mans-life/,"A Virus, Fished out of a Lake, May Have Saved a Man's Life"
https://www.scientificamerican.com/article/ldquo-three-parent-baby-rdquo-procedure-faces-new-hurdle/,"""3-Parent Baby"" Procedure Faces New Hurdle"
https://www.scientificamerican.com/article/what-trumps-health-secretary-pick-believes-about-medicine/,What Trump's Health Secretary Pick Believes About Medicine
https://www.scientificamerican.com/article/weaponized-antibodies-use-new-tricks-to-fight-cancer/,Weaponized Antibodies Use New Tricks to Fight Cancer
https://www.scientificamerican.com/podcast/episode/high-fiber-diet-keeps-intestinal-walls-intact/,High-Fiber Diet Keeps Intestinal Walls Intact
https://www.scientificamerican.com/article/how-does-dairy-affect-your-hormone-levels/,How Does Dairy Affect Your Hormone Levels?
https://www.scientificamerican.com/article/the-flip-side-of-personal-genomics-when-a-mutation-doesn-t-spell-disease/,The Flip Side of Personal Genomics: When a Mutation Doesn't Spell Disease
https://www.scientificamerican.com/article/european-diseases-left-their-mark-on-first-nations-rsquo-dna/,European Diseases Left Their Mark on First Nations' DNA
https://www.scientificamerican.com/article/crispr-gene-editing-tested-in-a-person-for-the-first-time/,CRISPR Gene-Editing Tested in a Person for the First Time
https://www.scientificamerican.com/article/new-presidential-popular-divide-will-change-abortion-rights/,New Presidential–Popular Divide Will Change Abortion Rights
https://www.scientificamerican.com/article/are-saponins-in-quinoa-toxic/,Are Saponins in Quinoa Toxic?
https://www.scientificamerican.com/article/do-tattoos-boost-your-immune-system/,Do Tattoos Boost Your Immune System?
https://www.scientificamerican.com/article/industry-funded-soda-studies-don-t-recognize-obesity-risks/,Industry-Funded Soda Studies Don't Recognize Obesity Risks
https://www.scientificamerican.com/article/zika-may-harm-male-reproduction-mouse-study-suggests/,"Zika May Harm Male Reproduction, Mouse Study Suggests"
https://www.scientificamerican.com/article/is-supercooling-the-body-an-effective-therapy/,Is Supercooling the Body an Effective Therapy?
https://www.scientificamerican.com/article/scientists-tackle-lethal-childhood-brain-cancer/,Scientists Tackle Lethal Childhood Brain Cancer
https://www.scientificamerican.com/article/antidepressants-in-pregnancy-tied-to-health-risks-for-kids/,Antidepressants in Pregnancy Tied to Health Risks for Kids
https://www.scientificamerican.com/article/more-evidence-cranberries-don-t-prevent-urinary-tract-infections/,More Evidence Cranberries Don't Prevent Urinary Tract Infections
https://www.scientificamerican.com/article/crispr-identifies-potential-gene-targets-to-hobble-hiv-infection/,CRISPR Identifies Potential Gene Targets to Hobble HIV Infection
https://www.scientificamerican.com/article/doctors-say-water-deliveries-can-be-risky-for-babies/,Doctors Say Water Deliveries Can Be Risky for Babies
https://www.scientificamerican.com/article/how-to-slow-age-related-muscle-loss/,How to Slow Age-Related Muscle Loss
https://www.scientificamerican.com/article/could-diet-change-help-treat-blood-cancer-or-transplant-patients/,Could Diet Change Help Treat Blood Cancer or Transplant Patients?
https://www.scientificamerican.com/article/new-sperm-tests-may-offer-better-understanding-of-male-infertility/,New Sperm Tests May Offer Better Understanding of Male Infertility
https://www.scientificamerican.com/article/scientists-seek-to-map-all-human-cells-in-vast-atlas/,Scientists Seek to Map All Human Cells in Vast Atlas
https://www.scientificamerican.com/article/are-hydroponic-vegetables-less-nutritious/,Are Hydroponic Vegetables Less Nutritious?
https://www.scientificamerican.com/article/could-there-be-a-liver-friendly-vodka/,"Could There be a ""Liver-Friendly"" Vodka?"
https://www.scientificamerican.com/article/humans-may-have-already-reached-their-maximum-lifespan/,Humans May Have Already Reached Their Maximum Lifespan
https://www.scientificamerican.com/article/gut-fungus-suspected-in-crohn-s-disease/,Gut Fungus Suspected in Crohn's Disease
https://www.scientificamerican.com/article/the-breast-has-its-own-microbiome-and-the-mix-of-bacteria-could-prevent-or-encourage-cancer/,The Breast Has Its Own Microbiome--and the Mix of Bacteria Could Prevent or Encourage Cancer
https://www.scientificamerican.com/podcast/episode/nobel-prize-explainer-autophagy/,Nobel Prize Explainer: Autophagy
https://www.scientificamerican.com/podcast/episode/nobel-in-physiology-or-medicine-to-yoshinori-ohsumi-for-autophagy-discoveries/,Nobel in Physiology or Medicine to Yoshinori Ohsumi for Autophagy Discoveries
https://www.scientificamerican.com/article/fortifying-spirits-when-a-glass-of-punch-is-good-for-the-kidneys/,Fortifying Spirits: When a (Glass of) Punch Is Good for the Kidneys
https://www.scientificamerican.com/podcast/episode/water-bears-super-survival-skills-give-up-secrets/,Water Bears' Super Survival Skills Give Up Secrets
https://www.scientificamerican.com/article/u-s-fda-approves-artificial-pancreas-for-diabetes-treatment/,"U.S. FDA Approves ""Artificial Pancreas"" for Diabetes Treatment"
https://www.scientificamerican.com/article/the-fat-advantage/,The Fat Advantage
https://www.scientificamerican.com/article/more-research-hints-that-eggs-and-peanuts-may-help-babies-avert-allergies/,More Research Hints That Eggs and Peanuts May Help Babies Avert Allergies
https://www.scientificamerican.com/article/babies-have-a-microbial-window-of-opportunity-excerpt/,Babies Have a Microbial Window of Opportunity [Excerpt]
https://www.scientificamerican.com/article/men-with-early-prostate-cancer-can-safely-opt-out-of-treatment-finds-landmark-study/,"Men with Early Prostate Cancer Can Safely Opt Out of Treatment, Finds Landmark Study"
https://www.scientificamerican.com/article/lice-no-longer-stopped-by-common-drugstore-remedies/,Lice No Longer Stopped by Common Drugstore Remedies
https://www.scientificamerican.com/article/can-you-hear-me-now-detecting-hidden-hearing-loss-in-young-people/,Can You Hear Me Now? Detecting Hidden Hearing Loss in Young People
https://www.scientificamerican.com/article/sugar-industry-secretly-paid-for-favorable-harvard-research/,Sugar Industry Secretly Paid for Favorable Harvard Research
https://www.scientificamerican.com/article/inventor-of-hepatitis-c-cure-wins-a-major-prize-and-turns-to-the-next-battle/,Inventor of Hepatitis C Cure Wins a Major Prize--and Turns to the Next Battle   
https://www.scientificamerican.com/article/virus-pumps-up-male-muscles-in-mice/,Virus Pumps Up Male Muscles--in Mice
https://www.scientificamerican.com/article/soccer-injuries-surge-as-more-kids-play/,Soccer Injuries Surge as More Kids Play
https://www.scientificamerican.com/article/airport-scanner-flags-common-cyst-as-a-security-threat/,Airport Scanner Flags Common Cyst as a Security Threat
https://www.scientificamerican.com/article/cancer-moon-shot-plans-should-include-tumor-profiling-panel-urges/,"Cancer ""Moon Shot"" Plans Should Include Tumor Profiling, Panel Urges"
https://www.scientificamerican.com/article/ebola-virus-can-last-in-semen-for-565-days/,Ebola Virus Can Last in Semen for 565 Days
https://www.scientificamerican.com/article/an-auditory-component-to-autism/,An Auditory Component to Autism
https://www.scientificamerican.com/article/resetting-the-body-s-thermostat-with-a-molecular-on-off-switch/,Resetting the Body's Thermostat with a Molecular On/Off Switch
https://www.scientificamerican.com/article/something-to-grapple-with-how-wily-lyme-disease-prowls-the-body/,Something to Grapple with: How Wily Lyme Disease Prowls the Body
https://www.scientificamerican.com/article/can-music-make-us-smarter-and-help-us-heal-faster/,Can Music Make Us Smarter and Help Us Heal Faster?
https://www.scientificamerican.com/article/why-gene-tests-for-cancer-don-t-offer-more-answers/,Why Gene Tests for Cancer Don't Offer More Answers
https://www.scientificamerican.com/article/have-we-reached-the-athletic-limits-of-the-human-body/,Have We Reached the Athletic Limits of the Human Body?
https://www.scientificamerican.com/article/new-players-in-the-obesity-puzzle-the-brain-s-glial-cells/,New Players in the Obesity Puzzle: The Brain's Glial Cells
https://www.scientificamerican.com/article/the-secret-to-human-speed/,The Secret to Human Speed
https://www.scientificamerican.com/article/is-there-such-a-thing-as-fat-but-fit/,"Is There Such a Thing as ""Fat but Fit""?"
https://www.scientificamerican.com/article/safer-alternative-to-morphine-shows-promise-in-mice/,Safer Alternative to Morphine Shows Promise in Mice
https://www.scientificamerican.com/podcast/episode/big-bang-of-body-types-sports-science-at-the-olympics-and-beyond/,Big Bang of Body Types: Sports Science at the Olympics and beyond
https://www.scientificamerican.com/article/molecular-origami-protein-engineering-emerges-to-fight-disease/,Molecular Origami: Protein Engineering Emerges to Fight Disease
https://www.scientificamerican.com/article/sprinting-how-elite-sprinters-run-so-fast-video/,How Elite Sprinters Run So Fast [Video]
https://www.scientificamerican.com/article/athletes-are-keeping-their-distance-from-a-genetic-test-for-concussion-risks/,Athletes are Keeping Their Distance from a Genetic Test for Concussion Risks
https://www.scientificamerican.com/article/diets-around-the-world-are-becoming-more-similar1/,Diets around the World Are Becoming More Similar
https://www.scientificamerican.com/article/can-cupping-treatments-raise-anything-but-welts-for-phelps-or-other-olympians/,"Can ""Cupping"" Treatments Raise Anything but Welts for Phelps or Other Olympians?"
https://www.scientificamerican.com/article/what-makes-michael-phelps-so-good1/,What Makes Michael Phelps So Good?
https://www.scientificamerican.com/article/metabolism-in-mind-new-insights-into-the-gut-brain-axis-spur-commercial-efforts-to-target-it/,"Metabolism in Mind: New Insights into the ""Gut–Brain Axis"" Spur Commercial Efforts to Target It"
https://www.scientificamerican.com/podcast/episode/the-science-of-soldiering-mary-roachs-grunt/,The Science of Soldiering: Mary Roach's 
https://www.scientificamerican.com/article/a-possible-cure-for-bubble-boy-disease-will-cost-665-000-per-dose/,"A Possible Cure for ""Bubble Boy"" Disease Will Cost $665,000--Per Dose"
https://www.scientificamerican.com/article/where-does-the-female-orgasm-come-from-scientists-think-they-know/,Where Does the Female Orgasm Come from? Scientists Think They Know
https://www.scientificamerican.com/article/stomach-purging-weight-loss-device-draws-backlash-against-fda-approval/,Stomach-Purging Weight-Loss Device Draws Backlash against FDA Approval
https://www.scientificamerican.com/article/sticky-bacterial-biofilms-dissolve-on-contact-with-sugar-cutting-enzymes/,Sticky Bacterial Biofilms Dissolve on Contact with Sugar-Cutting Enzymes
https://www.scientificamerican.com/article/nasal-bacteria-pump-out-a-potential-new-antibiotic-that-kills-mrsa/,Nasal Bacteria Pump Out a Potential New Antibiotic That Kills MRSA
https://www.scientificamerican.com/article/kamikaze-bacteria-attack-deep-tumors-with-deadly-cargo/,Kamikaze Bacteria Attack Deep Tumors with Deadly Cargo
https://www.scientificamerican.com/article/research-casts-doubt-on-the-value-of-acupuncture/,Research Casts Doubt on the Value of Acupuncture
https://www.scientificamerican.com/article/toddlers-learn-words-poorly-in-noisy-environments/,Toddlers Learn Words Poorly in Noisy Environments
https://www.scientificamerican.com/article/hormone-therapy-may-not-prevent-postmenopausal-brain-fog/,Hormone Therapy May Not Prevent Postmenopausal Brain Fog
https://www.scientificamerican.com/article/they-re-far-from-harmless-but-e-cigarettes-can-get-people-off-tobacco/,"They're Far from Harmless, but E-Cigarettes Can Get People off Tobacco"
https://www.scientificamerican.com/article/dangerous-drugs-why-synthetic-cannabinoid-overdoses-are-on-the-rise/,Dangerous Drugs: Why Synthetic-Cannabinoid Overdoses Are On the Rise
https://www.scientificamerican.com/video/how-elite-sprinters-run-so-fast/,How Elite Sprinters Run So Fast
https://www.scientificamerican.com/article/bright-light-speeds-up-aging-in-mice/,Bright Light Speeds Up Aging in Mice
https://www.scientificamerican.com/article/she-has-his-eyes-does-gender-matter-in-cornea-transplants/,She Has His Eyes--Does Gender Matter in Cornea Transplants?
https://www.scientificamerican.com/article/study-finds-fat-kills-casting-doubt-on-obesity-paradox/,"Study Finds Fat Kills, Casting Doubt on ""Obesity Paradox"""
https://www.scientificamerican.com/article/fda-lets-cancer-trial-resume-after-3-patient-deaths/,FDA Lets Cancer Trial Resume after 3 Patient Deaths
https://www.scientificamerican.com/article/how-artificial-sweeteners-may-cause-us-to-eat-more/,How Artificial Sweeteners May Cause Us to Eat More
https://www.scientificamerican.com/article/new-sunscreen-sticks-to-the-skin/,"New Sunscreen ""Sticks"" to the Skin"
https://www.scientificamerican.com/article/could-a-molecular-on-off-agony-switch-make-painkillers-safer/,"Could a Molecular ""On/Off Agony"" Switch Make Painkillers Safer?"
https://www.scientificamerican.com/article/the-sound-of-your-voice-may-diagnose-disease/,The Sound of Your Voice May Diagnose Disease
https://www.scientificamerican.com/article/gene-editing-takes-on-heart-disease/,Gene Editing Takes on Heart Disease
https://www.scientificamerican.com/article/can-cavities-be-healed-with-diet/,Can Cavities Be Healed with Diet?
https://www.scientificamerican.com/article/infections-reveal-inequality-between-the-sexes/,Infections Reveal Inequality between the Sexes
https://www.scientificamerican.com/article/bug-bite-saliva-hijacks-immune-cells-to-spread-virus/,Bug Bite Saliva Hijacks Immune Cells to Spread Virus
https://www.scientificamerican.com/article/ultrasound-implant-safely-opens-blood-brain-barrier/,Ultrasound Implant Safely Opens Blood–Brain Barrier
https://www.scientificamerican.com/podcast/episode/fat-gets-gut-bacteria-working-against-the-waistline/,Fat Gets Gut Bacteria Working against the Waistline
https://www.scientificamerican.com/article/coffee-no-longer-considered-cancerous-but-very-hot-drinks-risky/,Coffee No Longer Considered Cancerous but Very Hot Drinks Risky
https://www.scientificamerican.com/article/how-a-transgender-woman-could-get-pregnant/,How a Transgender Woman Could Get Pregnant
https://www.scientificamerican.com/article/recreational-drug-kratom-hits-the-same-brain-receptors-as-strong-opioids/,Recreational Drug Kratom Hits the Same Brain Receptors as Strong Opioids
https://www.scientificamerican.com/article/should-you-get-tested-for-the-breast-cancer-genes/,Should You Get Tested for the Breast Cancer Genes?
https://www.scientificamerican.com/citizen-science/citizen-endo/,Citizen Endo
https://www.scientificamerican.com/article/the-science-of-football-which-positions-take-the-hardest-hits/,The Science of Football: Which Positions Take the Hardest Hits?
https://www.scientificamerican.com/article/how-to-birth-a-baby-from-a-donated-uterus/,How to Birth a Baby from a Donated Uterus
https://www.scientificamerican.com/article/weak-immune-response-in-women-may-raise-autism-risk-in-children/,Weak Immune Response in Women May Raise Autism Risk in Children
https://www.scientificamerican.com/video/sneeze-physics-caught-in-video/,Sneeze Physics Caught in Video
https://www.scientificamerican.com/article/edible-bug-industry-hopes-crickets-and-kin-are-the-next-sushi/,Edible Bug Industry Hopes Crickets and Kin are the Next Sushi
https://www.scientificamerican.com/podcast/episode/knee-sounds-give-docs-a-leg-up/,Knee Sounds Give Docs a Leg Up
https://www.scientificamerican.com/article/why-doctors-for-diabetics-now-recommend-surgery-instead-of-drugs/,Why Doctors for Diabetics Now Recommend Surgery Instead of Drugs
https://www.scientificamerican.com/article/specialists-call-for-gastric-surgery-to-be-standard-diabetes-treatment/,Specialists Call for Gastric Surgery to Be Standard Diabetes Treatment
https://www.scientificamerican.com/podcast/episode/oldest-chinese-beer-brewery-found/,Oldest Chinese Beer Brewery Found
https://www.scientificamerican.com/article/fda-targets-sugar-in-new-labeling-rules/,FDA Targets Sugar in New Labeling Rules
https://www.scientificamerican.com/article/3-person-embryos-may-fail-to-vanquish-mutant-mitochondria/,3-Person Embryos May Fail to Vanquish Mutant Mitochondria
https://www.scientificamerican.com/article/does-financial-insecurity-lead-to-more-physical-pain/,Does Financial Insecurity Lead to More Physical Pain?
https://www.scientificamerican.com/article/massachusetts-man-has-first-successful-u-s-penis-transplant/,Massachusetts Man Has First Successful U.S. Penis Transplant
https://www.scientificamerican.com/article/zika-shown-to-penetrate-the-placenta-strengthening-its-link-to-birth-defects/,"Zika Shown to Penetrate the Placenta, Strengthening Its Link to Birth Defects"
https://www.scientificamerican.com/article/white-house-goes-big-on-microbiome-research/,White House Goes Big on Microbiome Research
https://www.scientificamerican.com/article/1-organ-holds-the-key-to-zika-s-devastating-birth-defects/,1 Organ Holds the Key to Zika's Devastating Birth Defects
https://www.scientificamerican.com/article/raw-mushrooms-hazardous-or-harmless/,Raw Mushrooms: Hazardous or Harmless?
https://www.scientificamerican.com/podcast/episode/married-couples-pack-on-more-pounds/,Married Couples Pack On More Pounds
https://www.scientificamerican.com/report/the-future-of-medicine-2016/,The Future of Medicine 2016
https://www.scientificamerican.com/article/heartburn-meds-alter-the-gut/,Heartburn Meds Alter the Gut
https://www.scientificamerican.com/article/findings-from-the-gut-new-insights-into-the-human-microbiome1/,Findings from the Gut--New Insights into the Human Microbiome
https://www.scientificamerican.com/article/slumber-party-reptiles-like-us-have-rem-sleep-and-may-dream/,"Slumber Party: Reptiles, like Us, Have REM Sleep and May Dream"
https://www.scientificamerican.com/article/antibody-infusions-provide-long-term-defense-against-hiv-like-infection1/,Antibody Infusions Provide Long-Term Defense against HIV-Like Infection
https://www.scientificamerican.com/article/rotating-night-shifts-tied-to-heart-disease-risk/,Rotating Night Shifts Tied to Heart Disease Risk
https://www.scientificamerican.com/article/genetic-treatments-for-sickle-cell/,Genetic Treatments for Sickle Cell
https://www.scientificamerican.com/article/hunger-hormone-may-drive-fat-storage-not-appetite/,"""Hunger Hormone"" May Drive Fat Storage, Not Appetite"
https://www.scientificamerican.com/article/unlocking-the-power-of-breast-milk-with-help-from-cows/,Unlocking the Power of Breast Milk--with Help from Cows
https://www.scientificamerican.com/article/do-genes-time-one-s-loss-of-virginity/,Do Genes Time One's Loss of Virginity?
https://www.scientificamerican.com/article/cancerous-coconspirators-tumor-cells-that-travel-together-spread-cancer/,Cancerous Coconspirators: Tumor Cells That Travel Together Spread Cancer
https://www.scientificamerican.com/article/cancer-therapy-an-evolved-approach/,Cancer Therapy: An Evolved Approach
https://www.scientificamerican.com/article/immunotherapy-how-doctors-boost-the-immune-system-to-fight-cancer-video/,Future of Medicine: How Doctors Boost the Immune System to Fight Cancer [Video]
https://www.scientificamerican.com/article/unexplained-genetic-superheroes-overcome-disease-mutations/,"Unexplained ""Genetic Superheroes"" Overcome Disease Mutations"
https://www.scientificamerican.com/article/second-chinese-team-reports-gene-editing-in-human-embryos/,Second Chinese Team Reports Gene Editing in Human Embryos
https://www.scientificamerican.com/article/hiv-fights-off-crispr-gene-editing-attack/,HIV Fights Off CRISPR Gene-Editing Attack
https://www.scientificamerican.com/video/if-your-roots-are-in-europe-you-are-more-likely-to-have-a-gray-hair-gene/,"If Your Roots Are in Europe, You Are More Likely to Have a Gray Hair Gene"
https://www.scientificamerican.com/article/obesity-trends-in-the-u-s-reflect-a-global-epidemic/,Obesity Trends in the U.S. Reflect a Global Epidemic
https://www.scientificamerican.com/article/facing-down-the-world-s-deadliest-pathogens-in-a-bsl4-lab/,Facing Down the World's Deadliest Pathogens in a BSL4 Lab
https://www.scientificamerican.com/article/world-s-obese-population-hits-641-million/,World's Obese Population Hits 641 Million
https://www.scientificamerican.com/article/mother-s-smoking-during-pregnancy-affects-baby-s-dna/,Mother's Smoking During Pregnancy Affects Baby's DNA
https://www.scientificamerican.com/article/zika-vaccine-could-solve-one-problem-while-stoking-another/,Zika Vaccine Could Solve One Problem While Stoking Another
https://www.scientificamerican.com/article/put-your-peripheral-vision-to-the-test/,Put Your Peripheral Vision to the Test
https://www.scientificamerican.com/article/how-to-find-coffee-that-won-t-bother-your-stomach/,How to Find Coffee That Won't Bother Your Stomach
https://www.scientificamerican.com/article/out-of-hospital-births-on-the-rise-in-u-s/,Out-of-Hospital Births on the Rise in U.S.
https://www.scientificamerican.com/article/friendly-germs-protect-mice-against-cancer/,Friendly Germs Protect Mice against Cancer
https://www.scientificamerican.com/article/rage-disorder-linked-with-parasite-found-in-cat-feces/,Rage Disorder Linked with Parasite Found in Cat Feces
https://www.scientificamerican.com/podcast/episode/the-fastball-gets-its-scientific-due-in-a-new-documentary/,The Fastball Gets Its Scientific Due in a New Documentary
https://www.scientificamerican.com/article/what-causes-allergies/,What Causes Allergies?
https://www.scientificamerican.com/article/a-shot-against-cancer/,A Shot against Cancer
https://www.scientificamerican.com/article/spot-the-fat-in-your-snack/,Spot the Fat in Your Snack
https://www.scientificamerican.com/article/drugs-that-ramp-up-the-immune-system-against-tumor-cells-are-revolutionizing-cancer-treatment/,Drugs That Ramp Up the Immune System against Tumor Cells are Revolutionizing Cancer Treatment
https://www.scientificamerican.com/article/undergoing-fertility-treatment-watch-your-plastics/,Undergoing Fertility Treatment? Watch Your Plastics
https://www.scientificamerican.com/article/good-match-not-always-needed-for-living-donor-kidney-transplant/,Good Match Not Always Needed for Living Donor Kidney Transplant
https://www.scientificamerican.com/article/good-cholesterol-mutation-linked-to-heart-disease/,"""Good"" Cholesterol Mutation Linked to Heart Disease"
https://www.scientificamerican.com/article/sexual-transmission-of-zika-more-common-than-previously-believed/,Sexual Transmission of Zika More Common Than Previously Believed
https://www.scientificamerican.com/article/first-u-s-uterus-transplant-fails-due-to-complications/,First U.S. Uterus Transplant Fails Due to Complications
https://www.scientificamerican.com/article/should-more-kids-eat-nuts/,Should More Kids Eat Nuts?
https://www.scientificamerican.com/article/evidence-grows-linking-zika-microcephaly-and-other-nerve-syndromes/,"Evidence Grows Linking Zika, Microcephaly and Other Nerve Syndromes"
https://www.scientificamerican.com/article/first-u-s-woman-with-uterus-transplant-looks-forward-to-pregnancy/,First U.S. Woman with Uterus Transplant Looks Forward to Pregnancy
https://www.scientificamerican.com/article/fat-mice-provide-clue-to-obesity-colon-cancer-puzzle/,Fat Mice Provide Clue to Obesity-Colon Cancer Puzzle
https://www.scientificamerican.com/article/u-s-eyes-innovative-approaches-to-tamp-down-zika/,U.S. Eyes Innovative Approaches to Tamp Down Zika
https://www.scientificamerican.com/article/how-gut-microbiota-impacts-hiv-disease/,How Gut Microbiota Impacts HIV Disease
https://www.scientificamerican.com/article/female-libido-drug-only-provides-marginal-benefit/,"Female Libido Drug Only Provides ""Marginal"" Benefit"
https://www.scientificamerican.com/article/zika-linked-to-guillain-barre-syndrome-study-finds/,"Zika Linked to Guillain–Barré Syndrome, Study Finds"
https://www.scientificamerican.com/article/why-ebola-survivors-struggle-with-new-symptoms/,Why Ebola Survivors Struggle with New Symptoms
https://www.scientificamerican.com/article/evidence-on-talc-cancer-risk-differs-for-jurors-researchers/,"Evidence on Talc Cancer Risk Differs for Jurors, Researchers"
https://www.scientificamerican.com/article/ebola-survivor-s-blood-holds-promise-of-new-treatment/,Ebola Survivor's Blood Holds Promise of New Treatment
https://www.scientificamerican.com/article/vaginal-ring-offers-hope-in-hiv-prevention/,Vaginal Ring Offers Hope in HIV Prevention
https://www.scientificamerican.com/article/zika-awakens-debate-over-legal-and-safe-abortion-in-latin-america1/,Zika Awakens Debate over Legal and Safe Abortion in Latin America
https://www.scientificamerican.com/podcast/episode/ball-really-looks-bigger-to-better-hitters/,Ball Really Looks Bigger to Better Hitters
https://www.scientificamerican.com/article/hpv-vaccine-tied-to-drop-in-cases-but-many-u-s-kids-still-unprotected/,HPV Vaccine Tied to Drop in Cases but Many U.S. Kids Still Unprotected
https://www.scientificamerican.com/article/pacemakers-that-temporarily-disrupt-the-heart-s-rhythm-may-boost-its-health/,Pacemakers That Temporarily Disrupt the Heart's Rhythm May Boost Its Health
https://www.scientificamerican.com/podcast/episode/hpv-vaccine-needs-to-reach-boys-too/,"HPV Vaccine Needs to Reach Boys, Too"
https://www.scientificamerican.com/article/testosterone-supplementation-brings-modest-benefit-to-older-men/,Testosterone Supplementation Brings Modest Benefit to Older Men
https://www.scientificamerican.com/article/when-to-worry-about-eye-twitching/,When to Worry about Eye Twitching
https://www.scientificamerican.com/article/new-cause-for-lyme-disease-complicates-already-murky-diagnosis1/,New Cause for Lyme Disease Complicates Already Murky Diagnosis
https://www.scientificamerican.com/article/how-obesity-may-impair-memory/,How Obesity May Impair Memory
https://www.scientificamerican.com/article/drinking-causes-gut-microbe-imbalance-linked-to-liver-disease/,Drinking Causes Gut Microbe Imbalance Linked to Liver Disease
https://www.scientificamerican.com/podcast/episode/super-bowl-sunday-s-food-needs-work/,Super Bowl Sunday's Food Needs Work
https://www.scientificamerican.com/podcast/episode/bear-gut-microbes-help-prep-hibernation/,Bear Gut Microbes Help Prep Hibernation
https://www.scientificamerican.com/article/destroying-worn-out-cells-makes-mice-live-longer/,Destroying Worn-Out Cells Makes Mice Live Longer
https://www.scientificamerican.com/article/for-the-first-time-scientists-win-approval-to-edit-human-embryo-genomes/,"For the First Time, Scientists Win Approval to Edit Human Embryo Genomes"
https://www.scientificamerican.com/article/treating-a-stuffed-head-video/,Treating a Stuffed Head [Video]
https://www.scientificamerican.com/article/maternal-obesity-diabetes-tied-to-increased-autism-risk-in-kids/,"Maternal Obesity, Diabetes Tied to Increased Autism Risk in Kids"
https://www.scientificamerican.com/article/should-kids-take-psychiatric-medication/,Should Kids Take Psychiatric Medication?
https://www.scientificamerican.com/article/how-bitter-taste-receptors-defend-the-body-against-bacteria/,How Bitter Taste Receptors Defend the Body against Bacteria
https://www.scientificamerican.com/article/even-centenarians-are-living-longer/,Even Centenarians Are Living Longer
https://www.scientificamerican.com/article/babymoon-turns-into-zika-nightmare/,"""Babymoon"" Turns into Zika Nightmare"
https://www.scientificamerican.com/article/should-added-sugar-be-on-the-nutrition-facts-labels/,Should Added Sugar Be on the Nutrition Facts Labels?
https://www.scientificamerican.com/podcast/episode/healthful-diet-switch-helps-even-late-in-life/,Healthful Diet Switch Helps Even Late in Life
https://www.scientificamerican.com/article/the-science-of-healing-thoughts/,The Science of Healing Thoughts
https://www.scientificamerican.com/podcast/episode/sociable-chimps-get-richer-gut-microbiomes/,Sociable Chimps Get Richer Gut Microbiomes
https://www.scientificamerican.com/article/veterans-of-iraq-afghanistan-show-brain-changes-related-to-explosion-exposure/,"Veterans of Iraq, Afghanistan Show Brain Changes Related to Explosion Exposure"
https://www.scientificamerican.com/article/u-s-panel-finalizes-breast-cancer-screening-recommendations/,U.S. Panel Finalizes Breast Cancer Screening Recommendations
https://www.scientificamerican.com/podcast/episode/iceman-oetzi-died-with-a-bellyache/,Iceman Ötzi Died with a Bellyache
https://www.scientificamerican.com/article/famous-ancient-iceman-had-familiar-stomach-infection/,Famous Ancient Iceman Had Familiar Stomach Infection
https://www.scientificamerican.com/article/u-s-cracks-down-on-americans-intake-of-sugar-saturated-fat/,"U.S. Cracks Down on Americans' Intake of Sugar, Saturated Fat"
https://www.scientificamerican.com/article/blood-plasma-from-ebola-survivors-fails-to-prevent-deaths-in-field-study/,Blood Plasma from Ebola Survivors Fails to Prevent Deaths in Field Study
https://www.scientificamerican.com/article/what-is-the-flu-virus/,What Is the Flu Virus?
https://www.scientificamerican.com/article/what-s-behind-brazil-s-alarming-surge-in-babies-born-with-small-heads/,What's Behind Brazil's Alarming Surge in Babies Born with Small Heads
https://www.scientificamerican.com/article/dogs-thwart-effort-to-eradicate-guinea-worm/,Dogs Thwart Effort to Eradicate Guinea Worm
https://www.scientificamerican.com/article/cancer-cells-can-t-proliferate-and-invade-at-the-same-time/,Cancer Cells Can't Proliferate and Invade at the Same Time
https://www.scientificamerican.com/article/flu-season-will-likely-peak-in-february-new-model-suggests/,"Flu Season Will Likely Peak in February, New Model Suggests"
https://www.scientificamerican.com/article/what-gene-therapy-needs-now-a-good-off-switch/,What Gene Therapy Needs Now: A Good Off Switch
https://www.scientificamerican.com/podcast/episode/drugged-gut-microbiome-cuts-heart-risk-in-mice/,Drugged Gut Microbiome Cuts Heart Risk in Mice
https://www.scientificamerican.com/article/studies-clash-over-causes-of-cancer/,Studies Clash over Causes of Cancer
https://www.scientificamerican.com/podcast/episode/marion-nestle-talks-soda-politics/,"Marion Nestle Talks ""Soda Politics"""
https://www.scientificamerican.com/podcast/episode/lifting-the-visor-on-virtual-reality/,Lifting the Visor on Virtual Reality
https://www.scientificamerican.com/article/how-fermentation-gives-us-beer-wine-cheese-and-cancer/,"How Fermentation Gives Us Beer, Wine, Cheese—and Cancer?"
https://www.scientificamerican.com/article/u-s-hogs-fed-pig-remains-manure-to-fend-off-deadly-virus-return/,"U.S. Hogs Fed Pig Remains, Manure to Fend Off Deadly Virus Return"
https://www.scientificamerican.com/article/cachexia-the-last-illness/,Cachexia: The Last Illness
https://www.scientificamerican.com/podcast/episode/obese-dad-s-sperm-may-influence-offspring-s-weight/,Obese Dad's Sperm May Influence Offspring's Weight
https://www.scientificamerican.com/article/all-gene-editing-research-should-proceed-cautiously-scientists-conclude1/,"All Gene-Editing Research Should Proceed Cautiously, Scientists Conclude"
https://www.scientificamerican.com/article/contaminated-food-sickens-1-in-10-people-worldwide-each-year/,Contaminated Food Sickens 1 in 10 People Worldwide Each Year
https://www.scientificamerican.com/article/improving-humans-with-customized-genes-sparks-debate-among-scientists1/,"""Improving"" Humans with Customized Genes Sparks Debate among Scientists"
https://www.scientificamerican.com/article/how-radioactivity-can-benefit-your-health-video/,How Radioactivity Can Benefit Your Health [Video]
https://www.scientificamerican.com/article/biologists-create-more-precise-molecular-scissors-for-genome-editing/,Biologists Create More Precise Molecular Scissors for Genome Editing
https://www.scientificamerican.com/article/using-pigeons-to-diagnose-cancer/,Using Pigeons to Diagnose Cancer
https://www.scientificamerican.com/report/customized-human-genes-new-promises-and-perils/,Customized Human Genes: New Promises and Perils
https://www.scientificamerican.com/article/where-to-draw-the-line-on-gene-editing-technology/,Where to Draw the Line on Gene-Editing Technology
https://www.scientificamerican.com/podcast/episode/people-pick-familiar-foods-over-favorites/,People Pick Familiar Foods Over Favorites
https://www.scientificamerican.com/article/is-double-dipping-a-food-safety-problem-or-just-a-nasty-habit/,Is Double-Dipping a Food Safety Problem or Just a Nasty Habit?
https://www.scientificamerican.com/article/one-test-detects-every-vertebrate-virus/,One Test Detects Every Vertebrate Virus
https://www.scientificamerican.com/podcast/episode/vocal-cords-bioengineered-from-starter-cells/,Vocal Cords Bioengineered from Starter Cells
https://www.scientificamerican.com/article/researchers-grow-vocal-cord-tissue-that-can-talk/,"Researchers Grow Vocal Cord Tissue That Can ""Talk"""
https://www.scientificamerican.com/article/pigeons-tend-to-land-on-the-right-spot-when-looking-for-breast-cancer/,Pigeons Tend to Land on the Right Spot When Looking for Breast Cancer
https://www.scientificamerican.com/article/new-superbug-gene-found-in-animals-and-people-in-china/,"New ""Superbug"" Gene Found in Animals and People in China"
https://www.scientificamerican.com/article/baby-s-experimental-leukemia-treatment-could-help-others-with-cancer/,Baby's Experimental Leukemia Treatment Could Help Others with Cancer
https://www.scientificamerican.com/article/the-best-way-to-nap/,The Best Way to Nap
https://www.scientificamerican.com/article/misunderstanding-of-antibiotics-fuels-superbug-threat-who-says/,"Misunderstanding of Antibiotics Fuels Superbug Threat, WHO Says"
https://www.scientificamerican.com/article/clues-emerge-in-the-fight-against-a-mysterious-killer-of-central-american-farmers/,Clues Emerge in the Fight against a Mysterious Killer of Central American Farmers
https://www.scientificamerican.com/podcast/episode/eat-slowly-and-breathe-smoothly-to-enhance-taste/,Eat Slowly and Breathe Smoothly to Enhance Taste
https://www.scientificamerican.com/article/puppy-bred-to-have-muscular-dystrophy-saved-by-surprise-mutation/,Puppy Bred to Have Muscular Dystrophy Saved by Surprise Mutation
https://www.scientificamerican.com/podcast/episode/howler-monkeys-trade-testicles-for-decibels/,Howler Monkeys Trade Testicles for Decibels
https://www.scientificamerican.com/article/germ-killing-bathroom-sprays-appear-to-weaken-fertility/,Germ-Killing Bathroom Sprays Appear to Weaken Fertility
https://www.scientificamerican.com/podcast/episode/brain-rhythms-sync-to-musical-beat/,Brain Rhythms Sync to Musical Beat
https://www.scientificamerican.com/article/intensive-blood-pressure-lowering-cuts-heart-failure-study-says/,"Intensive Blood Pressure Lowering Cuts Heart Failure, Study Says"
https://www.scientificamerican.com/article/u-s-deaths-drop-for-leading-causes/,U.S. Deaths Drop for Leading Causes
https://www.scientificamerican.com/article/tapeworm-spreads-deadly-cancer-to-human/,Tapeworm Spreads Deadly Cancer to Human
https://www.scientificamerican.com/article/the-mutant-genes-behind-the-black-death/,The Mutant Genes behind the Black Death
https://www.scientificamerican.com/article/researchers-seek-cancer-clues-from-pet-dogs/,Researchers Seek Cancer Clues from Pet Dogs
https://www.scientificamerican.com/podcast/episode/cultural-goofs-gear-up-gray-matter/,Cultural Goofs Gear Up Gray Matter
https://www.scientificamerican.com/article/tuberculosis-now-rivals-aids-as-leading-cause-of-death-says-who/,"Tuberculosis Now Rivals AIDS As Leading Cause of Death, Says WHO"
https://www.scientificamerican.com/article/teens-say-they-are-drawn-to-flavored-or-fruity-tobacco/,Teens Say They Are Drawn to Flavored or Fruity Tobacco
https://www.scientificamerican.com/article/foods-to-restore-your-intestinal-flora/,Foods to Restore Your Intestinal Flora
https://www.scientificamerican.com/article/networks-untangle-malaria-s-deadly-shuffle/,Networks Untangle Malaria's Deadly Shuffle
https://www.scientificamerican.com/article/world-s-first-malaria-vaccine-delayed-as-who-experts-urge-caution/,World's First Malaria Vaccine Delayed as WHO Experts Urge Caution
https://www.scientificamerican.com/article/processed-meats-pose-same-cancer-risk-as-smoking-asbestos/,"Processed Meats Cause Cancer, World Health Organization Says"
https://www.scientificamerican.com/article/neuron-transplants-may-one-day-reverse-blindness/,Neuron Transplants May One Day Reverse Blindness
https://www.scientificamerican.com/podcast/episode/tv-crime-shows-influence-sex-consent-views/,TV Crime Shows Influence Sex Consent Views
https://www.scientificamerican.com/article/u-k-nurse-with-serious-ebola-complications-has-meningitis-caused-by-persisting-virus/,U.K. Nurse with Serious Ebola Complications Has Meningitis Caused by Persisting Virus
https://www.scientificamerican.com/article/23andme-launches-new-consumer-test-service-to-check-for-genetic-disorders/,23andMe Launches New Consumer Test Service to Check for Genetic Disorders
https://www.scientificamerican.com/podcast/episode/beet-juice-could-help-body-beat-altitude/,Beet Juice Could Help Body Beat Altitude
https://www.scientificamerican.com/article/american-cancer-society-eases-mammogram-recommendations/,American Cancer Society Eases Mammogram Recommendations
https://www.scientificamerican.com/article/another-controversy-for-the-female-viagra/,"Another Controversy for the ""Female Viagra""?"
https://www.scientificamerican.com/article/u-k-ebola-ldquo-relapse-rdquo-case-takes-virus-specialists-to-uncharted-waters/,U.K. Ebola “Relapse” Case Takes Virus Specialists to Uncharted Waters
https://www.scientificamerican.com/article/health-supplements-send-23-000-to-emergency-rooms-in-the-u-s-each-year/,"""Health"" Supplements Send 23,000 to Emergency Rooms in the U.S Each Year"
https://www.scientificamerican.com/article/superbug-infection-could-cost-ny-giants-player-his-foot/,"""Superbug"" Infection Could Cost NY Giants Player His Foot"
https://www.scientificamerican.com/article/ancient-mutation-in-apes-may-explain-human-obesity-and-diabetes/,Ancient Mutation in Apes May Explain Human Obesity and Diabetes
https://www.scientificamerican.com/article/risk-of-self-harm-may-rise-following-bariatric-surgery/,Risk of Self-Harm May Rise Following Bariatric Surgery
https://www.scientificamerican.com/article/countries-at-heart-of-ebola-outbreak-see-first-virus-free-week/,Countries at Heart of Ebola Outbreak See First Virus-Free Week
https://www.scientificamerican.com/article/zika-disease-another-reason-to-hate-mosquitoes/,Zika Disease: Another Reason to Hate Mosquitoes
https://www.scientificamerican.com/article/contraceptive-implants-are-better-at-stopping-teen-pregnancies/,Contraceptive Implants Are Better at Stopping Teen Pregnancies
https://www.scientificamerican.com/podcast/episode/chemistry-nobel-keeping-dna-in-good-repair/,Chemistry Nobel: Keeping DNA in Good Repair
https://www.scientificamerican.com/article/antioxidants-may-make-cancer-worse/,Antioxidants May Make Cancer Worse
https://www.scientificamerican.com/podcast/episode/2015-nobel-prize-in-chemistry/,2015 Nobel Prize in Chemistry
https://www.scientificamerican.com/article/melatonin-linked-to-seasonal-relapses-of-multiple-sclerosis/,Melatonin Linked to Seasonal Relapses of Multiple Sclerosis
https://www.scientificamerican.com/article/how-birth-control-pills-affect-your-nutritional-needs/,How Birth Control Pills Affect Your Nutritional Needs
https://www.scientificamerican.com/podcast/episode/we-emit-clouds-of-microbes-wherever-we-go/,We Emit Clouds of Microbes Wherever We Go
https://www.scientificamerican.com/article/most-americans-will-be-misdiagnosed-at-least-once/,Most Americans Will Be Misdiagnosed at Least Once
https://www.scientificamerican.com/article/finding-hope-in-parkinson-s-research-a-q-a-with-jon-palfreman/,Finding Hope in Parkinson's Research: A Q&A with Jon Palfreman
https://www.scientificamerican.com/article/why-you-should-care-about-the-new-major-changes-in-medical-billing/,Why You Should Care about the New Major Changes in Medical Billing
https://www.scientificamerican.com/article/how-to-study-1-million-patients-medical-charts/,How to Study 1 Million Patients' Medical Charts
https://www.scientificamerican.com/article/disguised-nanoparticles-slip-past-body-s-immune-defense/,Disguised Nanoparticles Slip Past Body's Immune Defense
https://www.scientificamerican.com/article/antibiotic-use-and-resistance-rise-dramatically/,Antibiotic Use and Resistance Rise Dramatically
https://www.scientificamerican.com/article/new-software-and-genetic-analyses-aim-to-reduce-problems-with-multiple-drug-combinations/,New Software and Genetic Analyses Aim to Reduce Problems with Multiple-Drug Combinations
https://www.scientificamerican.com/podcast/episode/the-hunt-for-the-fat-gene/,The Hunt for the Fat Gene
https://www.scientificamerican.com/article/cancer-immunotherapy-pioneer-nets-major-prize/,Cancer Immunotherapy Pioneer Nets Major Prize
https://www.scientificamerican.com/article/most-adults-heart-age-exceeds-their-actual-age-u-s-cdc/,"Most Adults' ""Heart Age"" Exceeds Their Actual Age"
https://www.scientificamerican.com/article/sensors-save-lung-transplant-patients-from-organ-failure/,Sensors Save Lung Transplant Patients from Organ Failure
https://www.scientificamerican.com/article/molecular-tweeting-could-hold-the-key-to-busting-superbugs/,"""Molecular Tweeting"" Could Hold the Key to Busting Superbugs"
https://www.scientificamerican.com/article/fda-wants-food-makers-to-hand-over-their-contaminated-samples/,FDA Wants Food Makers to Hand over Their Contaminated Samples
https://www.scientificamerican.com/podcast/episode/cosmetic-ads-science-claims-lack-foundation/,Cosmetic Ads' Science Claims Lack Foundation
https://www.scientificamerican.com/article/the-growing-global-battle-against-blood-sucking-ticks/,The Growing Global Battle against Blood-Sucking Ticks
https://www.scientificamerican.com/article/fake-weed-leads-to-a-real-drug-crisis1/,Fake Weed Leads to a Real Drug Crisis
https://www.scientificamerican.com/article/mind-reviews-3-weight-loss-apps/,MIND
https://www.scientificamerican.com/article/lyme-disease-may-linger-for-1-in-5-because-of-persisters/,"Lyme Disease May Linger for 1 in 5 Because of ""Persisters"""
https://www.scientificamerican.com/article/vaccine-against-middle-east-mystery-disease-shows-promise/,Vaccine against Middle East Mystery Disease Shows Promise
https://www.scientificamerican.com/podcast/episode/nicotine-chomping-bacteria-could-help-smokers-quit/,Nicotine-Chomping Bacteria Could Help Smokers Quit
https://www.scientificamerican.com/article/why-diets-don-t-work-and-what-does/,Why Diets Don't Work (and What Does)
https://www.scientificamerican.com/podcast/episode/women-left-out-in-cold-by-office-a-c-standards/,Women Left out in Cold by Office A-C Standards
https://www.scientificamerican.com/article/are-soil-based-organisms-beneficial/,Are Soil-Based Organisms Beneficial?
https://www.scientificamerican.com/article/the-conflicted-history-of-alcohol-in-western-civilization/,The Conflicted History of Alcohol in Western Civilization
https://www.scientificamerican.com/article/can-you-lose-weight-with-exercise-alone1/,Can You Lose Weight with Exercise Alone?
https://www.scientificamerican.com/article/thousands-of-ebola-survivors-face-persistent-joint-pain-and-other-problems/,Thousands of Ebola Survivors Face Persistent Joint Pain and Other Problems
https://www.scientificamerican.com/article/some-stis-are-beneficial-and-may-have-boosted-evolutionary-promiscuity/,"Some STIs Are Beneficial, and May Have Boosted Evolutionary Promiscuity"
https://www.scientificamerican.com/article/your-medical-records-may-unlock-disease-secrets-for-all/,Your Medical Records May Unlock Disease Secrets for All
https://www.scientificamerican.com/podcast/episode/spicy-food-linked-to-lower-risk-of-death/,Spicy Food Linked to Lower Risk of Death
https://www.scientificamerican.com/article/benefits-of-weight-loss-surgery-diminish-after-5-years/,Benefits of Weight Loss Surgery Diminish after 5 Years
https://www.scientificamerican.com/report/how-assistive-technologies-enable-people-with-disabilities/,How Assistive Technologies Enable People with Disabilities
https://www.scientificamerican.com/article/does-this-ebola-vaccine-herald-the-end-of-the-virus/,Does This Ebola Vaccine Herald the End of the Virus?
https://www.scientificamerican.com/article/the-origin-of-the-modern-western-diet/,The Origin of the Modern Western Diet
https://www.scientificamerican.com/podcast/episode/diminutive-peoples-took-different-paths-to-petite/,Diminutive Peoples Took Different Paths to Petite
https://www.scientificamerican.com/article/how-hearing-works-video/,How Hearing Works [Video]
https://www.scientificamerican.com/article/vertigo-knocks-millions-off-their-feet-and-doctors-are-looking-at-ear-implants-to-relieve-it/,Ear Implants Could Be Used to Relieve Vertigo
https://www.scientificamerican.com/article/biotech-interest-in-mini-organs-booms/,Biotech Interest in Mini Organs Booms
https://www.scientificamerican.com/podcast/episode/baseball-great-thanks-tommy-john-surgery-decries-its-frequency/,"Baseball Great Thanks Tommy John Surgery, Decries Its Frequency"
https://www.scientificamerican.com/article/super-superbugs-antibiotic-resistant-bacteria-may-be-deadlier/,Super-Superbugs: Antibiotic-Resistant Bacteria May Be Deadlier
https://www.scientificamerican.com/article/antibody-drugs-for-alzheimer-s-show-glimmers-of-promise/,Antibody Drugs for Alzheimer's Show Glimmers of Promise
https://www.scientificamerican.com/article/many-psychiatric-drugs-have-serious-effects-on-body-weight/,Many Psychiatric Drugs Have Serious Effects on Body Weight
https://www.scientificamerican.com/article/a-plan-to-fix-the-obesity-crisis/,A Plan to Fix the Obesity Crisis
https://www.scientificamerican.com/podcast/episode/many-overweight-and-obese-teens-underestimate-their-weight/,Many Overweight and Obese Teens Underestimate Their Weight
https://www.scientificamerican.com/article/important-link-between-the-brain-and-immune-system-found/,Important Link between the Brain and Immune System Found
https://www.scientificamerican.com/article/is-food-addiction-making-us-fat/,Is Food Addiction Making Us Fat?
https://www.scientificamerican.com/article/severe-burns-may-let-bad-bacteria-take-over-the-gut/,"Severe Burns May Let ""Bad Bacteria"" Take Over the Gut"
https://www.scientificamerican.com/article/supreme-court-decision-aside-lethal-injection-looks-increasingly-unsustainable/,"Supreme Court Decision Aside, Lethal Injection Looks Increasingly Unsustainable"
https://www.scientificamerican.com/article/on-the-horizon-virtual-reality-therapy-that-treats-chronic-pain/,On the Horizon: Virtual Reality Therapy That Treats Chronic Pain
https://www.scientificamerican.com/article/fungus-used-to-quash-cancer-causing-toxin/,Fungus Used to Quash Cancer-Causing Toxin
https://www.scientificamerican.com/article/what-science-says-about-eating-right/,What Science Says about Eating Right
https://www.scientificamerican.com/article/exercise-gets-the-brain-in-shape/,Exercise Gets the Brain in Shape
https://www.scientificamerican.com/article/exoskeleton-technology-could-redefine-disability/,Exoskeleton Technology Could Redefine Disability
https://www.scientificamerican.com/article/sex-divide-seen-in-mechanism-that-produces-persistent-pain/,Sex Divide Seen in Mechanism That Produces Persistent Pain
https://www.scientificamerican.com/article/the-carrageenan-controversy/,The Carrageenan Controversy
https://www.scientificamerican.com/article/a-battle-of-the-sexes-is-waged-in-the-genes-of-humans-bulls-and-more/,"A Battle of the Sexes Is Waged in the Genes of Humans, Bulls and More"
https://www.scientificamerican.com/article/researchers-study-3-promising-anti-aging-therapies/,Researchers Study 3 Promising Anti-Aging Therapies
https://www.scientificamerican.com/article/one-fourth-of-americans-lie-to-dentists-about-flossing/,One-Fourth of Americans Lie to Dentists about Flossing
https://www.scientificamerican.com/article/the-problem-with-female-superheroes/,The Problem with Female Superheroes
https://www.scientificamerican.com/article/inflammation-factories-before-and-after/,Inflammation Factories: Before and After
https://www.scientificamerican.com/podcast/episode/extreme-exercise-can-poison-the-blood/,Extreme Exercise Can Poison the Blood
https://www.scientificamerican.com/article/why-do-graveyard-shifts-wreak-havoc-on-human-metabolism/,Why Do Graveyard Shifts Wreak Havoc on Human Metabolism?
https://www.scientificamerican.com/article/what-is-travelers-diarrhea/,What Is Travelers' Diarrhea?
https://www.scientificamerican.com/podcast/episode/rare-multitasking-plus-brain-teasers-enhance-workout/,Rare Multitasking Plus: Brain-Teasers Enhance Workout
https://www.scientificamerican.com/citizen-science/nyc-cyclist-air-quality-study/,NYC Cyclist Air Quality Study
https://www.scientificamerican.com/article/quantum-technology-probes-the-ultimate-limits-of-vision/,Quantum Technology Probes the Ultimate Limits of Vision
https://www.scientificamerican.com/article/touch-s-social-significance-could-be-explained-by-unique-nerve-fibers/,The Secret Social Power of Touch
https://www.scientificamerican.com/article/surprising-approach-to-stds-allows-prescription-drugs-for-sexual-partners/,Surprising Approach to STDs Allows Prescription Drugs for Sexual Partners
https://www.scientificamerican.com/article/woman-gives-birth-after-childhood-ovarian-tissue-transplant/,Woman Gives Birth after Childhood Ovarian Tissue Transplant
https://www.scientificamerican.com/article/has-maternal-mortality-really-doubled-in-the-u-s/,Has Maternal Mortality Really Doubled in the U.S.?
https://www.scientificamerican.com/video/high-heels-high-risk/,"High Heels, High Risk"
https://www.scientificamerican.com/article/the-myth-of-female-viagra/,"The Myth of ""Female Viagra"""
https://www.scientificamerican.com/video/is-lying-rational/,Is Lying Rational?
https://www.scientificamerican.com/article/female-libido-drug-approved-by-fda-panel/,Female Libido Drug Approved by FDA Panel
https://www.scientificamerican.com/video/food-everywhere-fuels-obesity/,Food Everywhere Fuels Obesity
https://www.scientificamerican.com/article/bpa-still-widely-used-in-canned-goods/,BPA Still Widely Used in Canned Goods
https://www.scientificamerican.com/article/why-the-supreme-court-s-upcoming-obamacare-ruling-matters/,Why the Supreme Court's Upcoming Obamacare Ruling Matters
https://www.scientificamerican.com/podcast/episode/high-heels-heighten-health-hazard/,High Heels Heighten Health Hazard
https://www.scientificamerican.com/article/bpa-may-prompt-more-fat-in-the-human-body/,BPA May Prompt More Fat in the Human Body
https://www.scientificamerican.com/article/what-makes-food-taste-so-good/,What Makes Food Taste So Good?
https://www.scientificamerican.com/podcast/episode/mummy-mavens-unwrap-preservation-methods/,Mummy Mavens Unwrap Preservation Methods
https://www.scientificamerican.com/video/seizures-in-elderly-cats/,Seizures in Elderly Cats
https://www.scientificamerican.com/article/prime-suspect-in-infant-deaths-lack-of-oxygen/,Prime Suspect in Infant Deaths: Lack of Oxygen
https://www.scientificamerican.com/article/young-blood-anti-aging-mechanism-called-into-question/,“Young Blood” Anti-Aging Mechanism Called into Question
https://www.scientificamerican.com/article/fact-or-fiction-a-base-tan-can-protect-against-sunburn/,"Fact or Fiction?: A ""Base Tan"" Can Protect against Sunburn"
https://www.scientificamerican.com/article/why-your-immune-system-doesn-t-eat-you-alive/,Why Your Immune System Doesn't Eat You Alive
https://www.scientificamerican.com/article/is-nicotine-all-bad/,Is Nicotine All Bad?
https://www.scientificamerican.com/article/defects-in-structures-that-connect-cells-underlie-many-diseases/,Defects in Structures That Connect Cells Underlie Many Diseases
https://www.scientificamerican.com/article/how-microbes-keep-us-healthy-infographic/,How Microbes Keep Us Healthy [Infographic]
https://www.scientificamerican.com/article/among-trillions-of-microbes-in-the-gut-a-few-are-special/,"Among Trillions of Microbes in the Gut, a Few Are Special"
https://www.scientificamerican.com/article/the-battle-within-and-without-for-healthier-lives/,The Battle within and without for Healthier Lives
https://www.scientificamerican.com/article/dizziness-can-be-a-fatal-side-effect-of-many-medications/,Dizziness Can Be a Fatal Side Effect of Many Medications
https://www.scientificamerican.com/article/how-medical-marijuana-s-chemicals-may-protect-cells/,How Medical Marijuana's Chemicals May Protect Cells
https://www.scientificamerican.com/article/how-to-know-if-you-have-pneumonia/,How to Know if You Have Pneumonia
https://www.scientificamerican.com/article/e-cigarettess-effect-on-cells-similar-to-that-of-tobacco-smoke/,E-Cigarettes's Effect on Cells Similar to That of Tobacco Smoke
https://www.scientificamerican.com/article/what-is-plantar-fasciitis/,What Is Plantar Fasciitis?
https://www.scientificamerican.com/article/the-bmi-is-outdated-but-it-still-works/,"The BMI Is Outdated, but It Still Works"
https://www.scientificamerican.com/article/researchers-explain-why-exercise-works-magic/,Researchers Explain Why Exercise Works Magic
https://www.scientificamerican.com/article/leg-head-injuries-frequent-at-olympics/,Leg and Head Injuries Are Frequent at the Olympics
https://www.scientificamerican.com/article/what-is-a-medically-induced-coma/,What Is a Medically Induced Coma and Why Is It Used?
https://www.scientificamerican.com/article/football-water-weight-loss/,How Much Water Weight Can a Player Lose During a Game?
https://www.scientificamerican.com/article/athlete-body-fat/,Going for the Gaunt: How Low Can an Athlete's Body Fat Go?
https://www.scientificamerican.com/article/raw-veggies-are-healthier/,Fact or Fiction: Raw Veggies are Healthier than Cooked Ones
https://www.scientificamerican.com/article/experts-sarcoidosis-bernie-mac/,What is Sarcoidosis?
https://www.scientificamerican.com/article/fact-or-fiction-does-turkey-make-you-sleepy/,Does Turkey Make You Sleepy?
https://www.scientificamerican.com/article/strange-but-true-drinking-too-much-water-can-kill/,Strange but True: Drinking Too Much Water Can Kill
https://www.scientificamerican.com/article/fact-or-fiction-spring-fever-is-a-real-phenomenon/,"Fact or Fiction?: ""Spring Fever"" Is a Real Phenomenon"
https://www.scientificamerican.com/article/why-does-lactic-acid-buil/,Why Does Lactic Acid Build Up in Muscles? And Why Does It Cause Soreness?
https://www.scientificamerican.com/article/how-long-can-the-average/,How Long Can the Average Person Survive Without Water?
https://www.scientificamerican.com/article/how-long-can-humans-stay/,How Long Can Humans Stay Awake?
https://www.scientificamerican.com/article/lefties-may-possess-super/,Lefties May Possess Superior Memory for Events
https://www.scientificamerican.com/article/scientists-explain-high-a/,Scientists Explain High-Altitude Sickness
https://www.scientificamerican.com/article/can-you-explain-aids-and/,Can you explain AIDS and how it affects the immune system? How does HIV become AIDS?
https://www.scientificamerican.com/article/what-is-a-prion-specifica/,What Is a Prion?
https://www.scientificamerican.com/article/mysteries-of-mind-and-body/,Mysteries of Mind and Body
https://www.scientificamerican.com/article/a-very-personal-problem/,A Very Personal Problem
